{
  "probabilistic_lstm": {
    "RMSE": 14.839127055607447,
    "MAE": 11.084315299987793,
    "R2": 0.8724862337112427,
    "NASA_Score": 351.0734171689808,
    "PICP_95": 0.93,
    "MPIW_95": 51.642333984375,
    "NLL": 3.023676918430827
  },
  "deterministic_lstm": {
    "RMSE": 14.962900695279538,
    "MAE": 11.122858047485352,
    "R2": 0.8703501224517822,
    "NASA_Score": 424.06133660085396
  },
  "uncertainty_stats": {
    "mean_aleatoric_std": 12.329859733581543,
    "mean_epistemic_std": 4.378918170928955,
    "mean_total_std": 13.174062728881836
  }
}